power,distance,status,total_nodes,num_honest,num_jamming,num_unconnected,num_connected,buffer_margin,trustset_configuration,num_connected_components,connected_components,avg_min_distance_jammers
0.0,16.679508889414684,Pass,1000,975,25,29,971,924,True,1,{'Component_1': 971},16.679508889414684
0.0,8.922165820160892,Fail,1000,937,63,72,928,810,True,5,"{'Component_1': 89, 'Component_2': 2, 'Component_3': 282, 'Component_4': 463, 'Component_5': 92}",8.922165820160892
0.0,7.671883048414334,Fail,1000,909,91,108,892,726,True,11,"{'Component_1': 86, 'Component_2': 2, 'Component_3': 264, 'Component_4': 2, 'Component_5': 3, 'Component_6': 86, 'Component_7': 2, 'Component_8': 90, 'Component_9': 187, 'Component_10': 84, 'Component_11': 86}",7.671883048414334
0.0,7.129234922032592,Fail,1000,888,112,133,867,663,True,16,"{'Component_1': 82, 'Component_2': 2, 'Component_3': 254, 'Component_4': 2, 'Component_5': 3, 'Component_6': 2, 'Component_7': 85, 'Component_8': 2, 'Component_9': 89, 'Component_10': 86, 'Component_11': 2, 'Component_12': 93, 'Component_13': 83, 'Component_14': 77, 'Component_15': 3, 'Component_16': 2}",7.129234922032592
0.0,7.105664337328091,Fail,1000,869,131,158,842,606,True,21,"{'Component_1': 76, 'Component_2': 2, 'Component_3': 2, 'Component_4': 82, 'Component_5': 79, 'Component_6': 2, 'Component_7': 2, 'Component_8': 84, 'Component_9': 3, 'Component_10': 2, 'Component_11': 80, 'Component_12': 2, 'Component_13': 2, 'Component_14': 89, 'Component_15': 84, 'Component_16': 2, 'Component_17': 92, 'Component_18': 82, 'Component_19': 70, 'Component_20': 3, 'Component_21': 2}",7.105664337328091
0.0,18.763867311827656,Pass,1000,975,25,32,968,924,True,1,{'Component_1': 968},18.763867311827656
0.1,15.577227089694068,Fail,1000,976,24,63,937,927,True,2,"{'Component_1': 83, 'Component_2': 854}",15.577227089694068
0.1,12.542198955460407,Fail,1000,962,38,97,903,885,True,2,"{'Component_1': 79, 'Component_2': 824}",12.542198955460407
0.1,11.233632021417447,Fail,1000,952,48,121,879,855,True,5,"{'Component_1': 77, 'Component_2': 718, 'Component_3': 5, 'Component_4': 77, 'Component_5': 2}",11.233632021417447
0.1,10.341725940785246,Fail,1000,945,55,141,859,834,True,5,"{'Component_1': 74, 'Component_2': 701, 'Component_3': 5, 'Component_4': 77, 'Component_5': 2}",10.341725940785246
0.1,9.801024224712693,Fail,1000,936,64,164,836,807,True,8,"{'Component_1': 74, 'Component_2': 67, 'Component_3': 5, 'Component_4': 276, 'Component_5': 315, 'Component_6': 21, 'Component_7': 76, 'Component_8': 2}",9.801024224712693
0.2,18.335659706729952,Pass,1000,978,22,57,943,933,True,1,{'Component_1': 943},18.335659706729952
0.2,10.230358780541852,Fail,1000,935,65,171,829,804,True,7,"{'Component_1': 67, 'Component_2': 265, 'Component_3': 84, 'Component_4': 173, 'Component_5': 83, 'Component_6': 88, 'Component_7': 69}",10.230358780541852
0.2,8.634611314571291,Fail,1000,910,90,241,759,729,True,16,"{'Component_1': 6, 'Component_2': 2, 'Component_3': 37, 'Component_4': 14, 'Component_5': 169, 'Component_6': 2, 'Component_7': 78, 'Component_8': 76, 'Component_9': 81, 'Component_10': 79, 'Component_11': 3, 'Component_12': 74, 'Component_13': 81, 'Component_14': 26, 'Component_15': 4, 'Component_16': 27}",8.634611314571291
0.2,7.6836066808770305,Fail,1000,891,109,287,713,672,True,19,"{'Component_1': 6, 'Component_2': 2, 'Component_3': 27, 'Component_4': 2, 'Component_5': 10, 'Component_6': 73, 'Component_7': 2, 'Component_8': 87, 'Component_9': 70, 'Component_10': 5, 'Component_11': 73, 'Component_12': 81, 'Component_13': 77, 'Component_14': 3, 'Component_15': 71, 'Component_16': 68, 'Component_17': 26, 'Component_18': 4, 'Component_19': 26}",7.6836066808770305
0.2,7.22081489528127,Fail,1000,872,128,327,673,615,True,22,"{'Component_1': 4, 'Component_2': 2, 'Component_3': 21, 'Component_4': 2, 'Component_5': 8, 'Component_6': 5, 'Component_7': 73, 'Component_8': 2, 'Component_9': 77, 'Component_10': 68, 'Component_11': 5, 'Component_12': 56, 'Component_13': 9, 'Component_14': 80, 'Component_15': 65, 'Component_16': 4, 'Component_17': 3, 'Component_18': 67, 'Component_19': 67, 'Component_20': 25, 'Component_21': 4, 'Component_22': 26}",7.22081489528127
0.2,17.762977084706844,Pass,1000,978,22,60,940,933,True,1,{'Component_1': 940},17.762977084706844
0.30000000000000004,16.752391882836868,Pass,1000,974,26,67,933,921,True,1,{'Component_1': 933},16.752391882836868
0.30000000000000004,10.329488233201172,Fail,1000,932,68,176,824,795,True,9,"{'Component_1': 72, 'Component_2': 90, 'Component_3': 170, 'Component_4': 81, 'Component_5': 81, 'Component_6': 90, 'Component_7': 78, 'Component_8': 90, 'Component_9': 72}",10.329488233201172
0.30000000000000004,8.579209948021747,Fail,1000,901,99,245,755,702,True,15,"{'Component_1': 46, 'Component_2': 3, 'Component_3': 2, 'Component_4': 87, 'Component_5': 159, 'Component_6': 68, 'Component_7': 2, 'Component_8': 2, 'Component_9': 74, 'Component_10': 90, 'Component_11': 55, 'Component_12': 20, 'Component_13': 85, 'Component_14': 56, 'Component_15': 6}",8.579209948021747
0.30000000000000004,7.775930786825494,Fail,1000,880,120,299,701,639,True,16,"{'Component_1': 40, 'Component_2': 2, 'Component_3': 84, 'Component_4': 153, 'Component_5': 2, 'Component_6': 2, 'Component_7': 61, 'Component_8': 2, 'Component_9': 69, 'Component_10': 88, 'Component_11': 52, 'Component_12': 17, 'Component_13': 66, 'Component_14': 5, 'Component_15': 53, 'Component_16': 5}",7.775930786825494
0.30000000000000004,7.175295390785602,Fail,1000,858,142,353,647,573,True,23,"{'Component_1': 24, 'Component_2': 14, 'Component_3': 2, 'Component_4': 75, 'Component_5': 63, 'Component_6': 5, 'Component_7': 2, 'Component_8': 69, 'Component_9': 2, 'Component_10': 2, 'Component_11': 2, 'Component_12': 56, 'Component_13': 2, 'Component_14': 66, 'Component_15': 80, 'Component_16': 2, 'Component_17': 49, 'Component_18': 15, 'Component_19': 63, 'Component_20': 5, 'Component_21': 20, 'Component_22': 24, 'Component_23': 5}",7.175295390785602
0.30000000000000004,19.173912269819322,Pass,1000,976,24,65,935,927,True,1,{'Component_1': 935},19.173912269819322
0.4,18.438726011965787,Pass,1000,977,23,58,942,930,True,1,{'Component_1': 942},18.438726011965787
0.4,10.240009972621355,Fail,1000,936,64,165,835,807,True,11,"{'Component_1': 76, 'Component_2': 85, 'Component_3': 84, 'Component_4': 3, 'Component_5': 82, 'Component_6': 90, 'Component_7': 84, 'Component_8': 260, 'Component_9': 7, 'Component_10': 58, 'Component_11': 6}",10.240009972621355
0.4,8.016719504417761,Fail,1000,906,94,239,761,717,True,19,"{'Component_1': 8, 'Component_2': 56, 'Component_3': 75, 'Component_4': 84, 'Component_5': 3, 'Component_6': 70, 'Component_7': 3, 'Component_8': 86, 'Component_9': 38, 'Component_10': 36, 'Component_11': 3, 'Component_12': 251, 'Component_13': 2, 'Component_14': 2, 'Component_15': 35, 'Component_16': 2, 'Component_17': 3, 'Component_18': 2, 'Component_19': 2}",8.016719504417761
0.4,7.260154810571769,Fail,1000,879,121,294,706,636,True,22,"{'Component_1': 3, 'Component_2': 5, 'Component_3': 43, 'Component_4': 4, 'Component_5': 72, 'Component_6': 82, 'Component_7': 3, 'Component_8': 65, 'Component_9': 3, 'Component_10': 76, 'Component_11': 35, 'Component_12': 33, 'Component_13': 3, 'Component_14': 68, 'Component_15': 2, 'Component_16': 2, 'Component_17': 85, 'Component_18': 85, 'Component_19': 31, 'Component_20': 2, 'Component_21': 2, 'Component_22': 2}",7.260154810571769
0.4,6.676170657382147,Fail,1000,854,146,345,655,561,True,23,"{'Component_1': 3, 'Component_2': 5, 'Component_3': 40, 'Component_4': 4, 'Component_5': 66, 'Component_6': 76, 'Component_7': 3, 'Component_8': 62, 'Component_9': 3, 'Component_10': 59, 'Component_11': 8, 'Component_12': 32, 'Component_13': 32, 'Component_14': 3, 'Component_15': 64, 'Component_16': 2, 'Component_17': 2, 'Component_18': 82, 'Component_19': 77, 'Component_20': 3, 'Component_21': 25, 'Component_22': 2, 'Component_23': 2}",6.676170657382147
0.4,18.201568080053566,Pass,1000,977,23,62,938,930,True,1,{'Component_1': 938},18.201568080053566
0.5,16.46704826778632,Pass,1000,976,24,64,936,927,True,1,{'Component_1': 936},16.46704826778632
0.5,9.856962812734343,Fail,1000,933,67,172,828,798,True,9,"{'Component_1': 27, 'Component_2': 42, 'Component_3': 169, 'Component_4': 180, 'Component_5': 22, 'Component_6': 57, 'Component_7': 79, 'Component_8': 177, 'Component_9': 75}",9.856962812734343
0.5,7.531954430470003,Fail,1000,905,95,234,766,714,True,14,"{'Component_1': 21, 'Component_2': 35, 'Component_3': 91, 'Component_4': 73, 'Component_5': 4, 'Component_6': 68, 'Component_7': 92, 'Component_8': 20, 'Component_9': 55, 'Component_10': 75, 'Component_11': 171, 'Component_12': 54, 'Component_13': 2, 'Component_14': 5}",7.531954430470003
0.5,7.032741258780232,Fail,1000,883,117,289,711,648,True,21,"{'Component_1': 21, 'Component_2': 27, 'Component_3': 4, 'Component_4': 81, 'Component_5': 71, 'Component_6': 4, 'Component_7': 64, 'Component_8': 87, 'Component_9': 20, 'Component_10': 52, 'Component_11': 69, 'Component_12': 86, 'Component_13': 71, 'Component_14': 3, 'Component_15': 13, 'Component_16': 2, 'Component_17': 8, 'Component_18': 5, 'Component_19': 16, 'Component_20': 2, 'Component_21': 5}",7.032741258780232
0.5,6.615455947248749,Fail,1000,861,139,342,658,582,True,23,"{'Component_1': 20, 'Component_2': 27, 'Component_3': 2, 'Component_4': 79, 'Component_5': 63, 'Component_6': 2, 'Component_7': 64, 'Component_8': 78, 'Component_9': 13, 'Component_10': 48, 'Component_11': 3, 'Component_12': 65, 'Component_13': 84, 'Component_14': 68, 'Component_15': 3, 'Component_16': 10, 'Component_17': 2, 'Component_18': 4, 'Component_19': 2, 'Component_20': 8, 'Component_21': 2, 'Component_22': 4, 'Component_23': 7}",6.615455947248749
0.5,17.07449905423228,Pass,1000,976,24,63,937,927,True,1,{'Component_1': 937},17.07449905423228
0.6000000000000001,17.98204647395031,Fail,1000,976,24,64,936,927,True,2,"{'Component_1': 94, 'Component_2': 842}",17.98204647395031
0.6000000000000001,12.884363738903641,Fail,1000,962,38,97,903,885,True,4,"{'Component_1': 89, 'Component_2': 450, 'Component_3': 279, 'Component_4': 85}",12.884363738903641
0.6000000000000001,11.486145219632453,Fail,1000,951,49,125,875,852,True,4,"{'Component_1': 83, 'Component_2': 441, 'Component_3': 274, 'Component_4': 77}",11.486145219632453
0.6000000000000001,10.656050445273777,Fail,1000,942,58,148,852,825,True,4,"{'Component_1': 80, 'Component_2': 429, 'Component_3': 266, 'Component_4': 77}",10.656050445273777
0.6000000000000001,9.871186940426957,Fail,1000,932,68,174,826,795,True,7,"{'Component_1': 77, 'Component_2': 340, 'Component_3': 2, 'Component_4': 76, 'Component_5': 261, 'Component_6': 68, 'Component_7': 2}",9.871186940426957
0.7000000000000001,16.41756851350541,Pass,1000,976,24,62,938,927,True,1,{'Component_1': 938},16.41756851350541
0.0,32.473188507047816,Pass,1000,993,7,10,990,978,True,1,{'Component_1': 990},32.473188507047816
0.0,14.75645490231768,Pass,1000,974,26,33,967,921,True,1,{'Component_1': 967},14.75645490231768
0.0,10.062672667206934,Fail,1000,936,64,80,920,807,True,8,"{'Component_1': 89, 'Component_2': 2, 'Component_3': 87, 'Component_4': 2, 'Component_5': 733, 'Component_6': 2, 'Component_7': 3, 'Component_8': 2}",10.062672667206934
0.0,8.569676210836668,Fail,1000,911,89,109,891,732,True,15,"{'Component_1': 80, 'Component_2': 2, 'Component_3': 2, 'Component_4': 85, 'Component_5': 2, 'Component_6': 185, 'Component_7': 2, 'Component_8': 78, 'Component_9': 6, 'Component_10': 2, 'Component_11': 365, 'Component_12': 2, 'Component_13': 76, 'Component_14': 2, 'Component_15': 2}",8.569676210836668
0.0,7.586254908760273,Fail,1000,891,109,132,868,672,True,24,"{'Component_1': 64, 'Component_2': 11, 'Component_3': 2, 'Component_4': 2, 'Component_5': 85, 'Component_6': 2, 'Component_7': 180, 'Component_8': 2, 'Component_9': 77, 'Component_10': 2, 'Component_11': 2, 'Component_12': 3, 'Component_13': 90, 'Component_14': 2, 'Component_15': 85, 'Component_16': 4, 'Component_17': 89, 'Component_18': 2, 'Component_19': 87, 'Component_20': 18, 'Component_21': 53, 'Component_22': 2, 'Component_23': 2, 'Component_24': 2}",7.586254908760273
0.0,7.168216629000446,Fail,1000,869,131,161,839,606,True,30,"{'Component_1': 33, 'Component_2': 11, 'Component_3': 19, 'Component_4': 2, 'Component_5': 2, 'Component_6': 2, 'Component_7': 2, 'Component_8': 80, 'Component_9': 2, 'Component_10': 2, 'Component_11': 85, 'Component_12': 2, 'Component_13': 91, 'Component_14': 75, 'Component_15': 2, 'Component_16': 2, 'Component_17': 3, 'Component_18': 88, 'Component_19': 2, 'Component_20': 81, 'Component_21': 3, 'Component_22': 2, 'Component_23': 89, 'Component_24': 2, 'Component_25': 83, 'Component_26': 18, 'Component_27': 50, 'Component_28': 2, 'Component_29': 2, 'Component_30': 2}",7.168216629000446
0.0,6.793480463629449,Fail,1000,853,147,182,818,558,True,33,"{'Component_1': 33, 'Component_2': 8, 'Component_3': 18, 'Component_4': 2, 'Component_5': 2, 'Component_6': 2, 'Component_7': 2, 'Component_8': 78, 'Component_9': 2, 'Component_10': 2, 'Component_11': 81, 'Component_12': 2, 'Component_13': 2, 'Component_14': 90, 'Component_15': 67, 'Component_16': 7, 'Component_17': 2, 'Component_18': 2, 'Component_19': 3, 'Component_20': 87, 'Component_21': 2, 'Component_22': 78, 'Component_23': 3, 'Component_24': 2, 'Component_25': 88, 'Component_26': 2, 'Component_27': 82, 'Component_28': 16, 'Component_29': 45, 'Component_30': 2, 'Component_31': 2, 'Component_32': 2, 'Component_33': 2}",6.793480463629449
0.0,18.47951948839341,Pass,1000,982,18,19,981,945,True,1,{'Component_1': 981},18.47951948839341
1.0,31.216644928690034,Pass,1000,993,7,18,982,978,True,1,{'Component_1': 982},31.216644928690034
1.0,15.177467252640186,Pass,1000,976,24,65,935,927,True,1,{'Component_1': 935},15.177467252640186
1.0,9.12754188402503,Fail,1000,937,63,158,842,810,True,12,"{'Component_1': 74, 'Component_2': 3, 'Component_3': 79, 'Component_4': 95, 'Component_5': 83, 'Component_6': 80, 'Component_7': 85, 'Component_8': 88, 'Component_9': 182, 'Component_10': 2, 'Component_11': 68, 'Component_12': 3}",9.12754188402503
1.0,8.115282161121568,Fail,1000,913,87,216,784,738,True,12,"{'Component_1': 71, 'Component_2': 74, 'Component_3': 87, 'Component_4': 83, 'Component_5': 74, 'Component_6': 79, 'Component_7': 82, 'Component_8': 90, 'Component_9': 77, 'Component_10': 2, 'Component_11': 62, 'Component_12': 3}",8.115282161121568
1.0,7.1998847029876885,Fail,1000,894,106,254,746,681,True,14,"{'Component_1': 58, 'Component_2': 2, 'Component_3': 3, 'Component_4': 63, 'Component_5': 87, 'Component_6': 81, 'Component_7': 66, 'Component_8': 74, 'Component_9': 82, 'Component_10': 90, 'Component_11': 73, 'Component_12': 2, 'Component_13': 62, 'Component_14': 3}",7.1998847029876885
1.0,6.60517031494268,Fail,1000,874,126,301,699,621,True,19,"{'Component_1': 51, 'Component_2': 4, 'Component_3': 2, 'Component_4': 3, 'Component_5': 48, 'Component_6': 9, 'Component_7': 84, 'Component_8': 72, 'Component_9': 66, 'Component_10': 70, 'Component_11': 70, 'Component_12': 2, 'Component_13': 3, 'Component_14': 81, 'Component_15': 73, 'Component_16': 2, 'Component_17': 53, 'Component_18': 3, 'Component_19': 3}",6.60517031494268
1.0,6.242232580976568,Fail,1000,857,143,340,660,570,True,23,"{'Component_1': 36, 'Component_2': 2, 'Component_3': 4, 'Component_4': 6, 'Component_5': 2, 'Component_6': 3, 'Component_7': 43, 'Component_8': 9, 'Component_9': 84, 'Component_10': 63, 'Component_11': 2, 'Component_12': 63, 'Component_13': 66, 'Component_14': 70, 'Component_15': 2, 'Component_16': 3, 'Component_17': 78, 'Component_18': 70, 'Component_19': 2, 'Component_20': 20, 'Component_21': 26, 'Component_22': 3, 'Component_23': 3}",6.242232580976568
1.0,21.046791152001838,Pass,1000,983,17,43,957,948,True,1,{'Component_1': 957},21.046791152001838
2.0,33.644413297718465,Pass,1000,992,8,21,979,975,True,1,{'Component_1': 979},33.644413297718465
2.0,14.581709770860426,Fail,1000,974,26,69,931,921,True,12,"{'Component_1': 10, 'Component_2': 3, 'Component_3': 454, 'Component_4': 2, 'Component_5': 436, 'Component_6': 4, 'Component_7': 5, 'Component_8': 3, 'Component_9': 2, 'Component_10': 3, 'Component_11': 5, 'Component_12': 4}",14.581709770860426
2.0,11.837399597008973,Fail,1000,963,37,101,899,888,True,13,"{'Component_1': 8, 'Component_2': 3, 'Component_3': 72, 'Component_4': 2, 'Component_5': 368, 'Component_6': 2, 'Component_7': 354, 'Component_8': 4, 'Component_9': 5, 'Component_10': 3, 'Component_11': 2, 'Component_12': 71, 'Component_13': 5}",11.837399597008973
2.0,10.127655404871454,Fail,1000,957,43,116,884,870,True,17,"{'Component_1': 8, 'Component_2': 3, 'Component_3': 64, 'Component_4': 3, 'Component_5': 2, 'Component_6': 2, 'Component_7': 361, 'Component_8': 2, 'Component_9': 4, 'Component_10': 264, 'Component_11': 4, 'Component_12': 5, 'Component_13': 3, 'Component_14': 2, 'Component_15': 85, 'Component_16': 68, 'Component_17': 4}",10.127655404871454
2.0,9.128079716798078,Fail,1000,949,51,135,865,846,True,20,"{'Component_1': 4, 'Component_2': 3, 'Component_3': 62, 'Component_4': 3, 'Component_5': 2, 'Component_6': 2, 'Component_7': 267, 'Component_8': 2, 'Component_9': 4, 'Component_10': 2, 'Component_11': 82, 'Component_12': 264, 'Component_13': 4, 'Component_14': 5, 'Component_15': 3, 'Component_16': 2, 'Component_17': 83, 'Component_18': 63, 'Component_19': 4, 'Component_20': 4}",9.128079716798078
2.0,8.704465728161749,Fail,1000,943,57,152,848,828,True,19,"{'Component_1': 4, 'Component_2': 3, 'Component_3': 56, 'Component_4': 3, 'Component_5': 2, 'Component_6': 4, 'Component_7': 2, 'Component_8': 262, 'Component_9': 2, 'Component_10': 4, 'Component_11': 2, 'Component_12': 82, 'Component_13': 264, 'Component_14': 5, 'Component_15': 3, 'Component_16': 83, 'Component_17': 59, 'Component_18': 4, 'Component_19': 4}",8.704465728161749
2.0,9.078430629707803,Fail,1000,936,64,169,831,807,True,24,"{'Component_1': 4, 'Component_2': 3, 'Component_3': 52, 'Component_4': 3, 'Component_5': 2, 'Component_6': 4, 'Component_7': 2, 'Component_8': 3, 'Component_9': 155, 'Component_10': 5, 'Component_11': 4, 'Component_12': 2, 'Component_13': 4, 'Component_14': 89, 'Component_15': 2, 'Component_16': 82, 'Component_17': 72, 'Component_18': 5, 'Component_19': 3, 'Component_20': 187, 'Component_21': 81, 'Component_22': 59, 'Component_23': 4, 'Component_24': 4}",9.078430629707803
2.0,31.760953724081315,Pass,1000,994,6,15,985,981,True,1,{'Component_1': 985},31.760953724081315
3.0,36.778742814783364,Pass,1000,994,6,16,984,981,True,1,{'Component_1': 984},36.778742814783364
3.0,17.637973310043225,Fail,1000,976,24,64,936,927,True,7,"{'Component_1': 90, 'Component_2': 3, 'Component_3': 92, 'Component_4': 573, 'Component_5': 92, 'Component_6': 82, 'Component_7': 4}",17.637973310043225
3.0,12.506294372369988,Fail,1000,965,35,93,907,894,True,12,"{'Component_1': 19, 'Component_2': 3, 'Component_3': 65, 'Component_4': 82, 'Component_5': 3, 'Component_6': 2, 'Component_7': 472, 'Component_8': 90, 'Component_9': 92, 'Component_10': 71, 'Component_11': 6, 'Component_12': 2}",12.506294372369988
3.0,11.319807718275824,Fail,1000,956,44,119,881,867,True,15,"{'Component_1': 3, 'Component_2': 63, 'Component_3': 9, 'Component_4': 4, 'Component_5': 82, 'Component_6': 3, 'Component_7': 2, 'Component_8': 192, 'Component_9': 270, 'Component_10': 88, 'Component_11': 92, 'Component_12': 62, 'Component_13': 6, 'Component_14': 3, 'Component_15': 2}",11.319807718275824
3.0,10.076165068439161,Fail,1000,949,51,134,866,846,True,18,"{'Component_1': 3, 'Component_2': 63, 'Component_3': 9, 'Component_4': 4, 'Component_5': 81, 'Component_6': 3, 'Component_7': 2, 'Component_8': 91, 'Component_9': 95, 'Component_10': 270, 'Component_11': 85, 'Component_12': 88, 'Component_13': 2, 'Component_14': 54, 'Component_15': 6, 'Component_16': 5, 'Component_17': 3, 'Component_18': 2}",10.076165068439161
3.0,9.516337128142565,Fail,1000,942,58,148,852,825,True,23,"{'Component_1': 3, 'Component_2': 63, 'Component_3': 9, 'Component_4': 4, 'Component_5': 81, 'Component_6': 3, 'Component_7': 2, 'Component_8': 88, 'Component_9': 95, 'Component_10': 82, 'Component_11': 91, 'Component_12': 93, 'Component_13': 85, 'Component_14': 5, 'Component_15': 78, 'Component_16': 2, 'Component_17': 2, 'Component_18': 50, 'Component_19': 2, 'Component_20': 4, 'Component_21': 5, 'Component_22': 3, 'Component_23': 2}",9.516337128142565
3.0,9.120476848891116,Fail,1000,936,64,166,834,807,True,25,"{'Component_1': 3, 'Component_2': 63, 'Component_3': 9, 'Component_4': 4, 'Component_5': 71, 'Component_6': 7, 'Component_7': 2, 'Component_8': 86, 'Component_9': 95, 'Component_10': 82, 'Component_11': 82, 'Component_12': 5, 'Component_13': 93, 'Component_14': 85, 'Component_15': 5, 'Component_16': 76, 'Component_17': 2, 'Component_18': 2, 'Component_19': 40, 'Component_20': 6, 'Component_21': 2, 'Component_22': 4, 'Component_23': 5, 'Component_24': 3, 'Component_25': 2}",9.120476848891116
3.0,25.261225914591915,Pass,1000,993,7,20,980,978,True,1,{'Component_1': 980},25.261225914591915
4.0,28.26001670417538,Pass,1000,993,7,18,982,978,True,1,{'Component_1': 982},28.26001670417538
4.0,15.898098236934077,Fail,1000,978,22,60,940,933,True,10,"{'Component_1': 21, 'Component_2': 64, 'Component_3': 4, 'Component_4': 94, 'Component_5': 293, 'Component_6': 84, 'Component_7': 100, 'Component_8': 100, 'Component_9': 91, 'Component_10': 89}",15.898098236934077
4.0,12.797044288618556,Fail,1000,968,32,88,912,903,True,17,"{'Component_1': 14, 'Component_2': 10, 'Component_3': 51, 'Component_4': 4, 'Component_5': 4, 'Component_6': 94, 'Component_7': 96, 'Component_8': 94, 'Component_9': 90, 'Component_10': 2, 'Component_11': 84, 'Component_12': 100, 'Component_13': 100, 'Component_14': 80, 'Component_15': 4, 'Component_16': 81, 'Component_17': 4}",12.797044288618556
4.0,11.086625089726681,Fail,1000,960,40,108,892,879,True,24,"{'Component_1': 7, 'Component_2': 3, 'Component_3': 10, 'Component_4': 51, 'Component_5': 4, 'Component_6': 4, 'Component_7': 74, 'Component_8': 10, 'Component_9': 2, 'Component_10': 5, 'Component_11': 96, 'Component_12': 92, 'Component_13': 90, 'Component_14': 2, 'Component_15': 2, 'Component_16': 79, 'Component_17': 100, 'Component_18': 98, 'Component_19': 70, 'Component_20': 4, 'Component_21': 7, 'Component_22': 64, 'Component_23': 4, 'Component_24': 14}",11.086625089726681
4.0,10.016949734349543,Fail,1000,952,48,129,871,855,True,24,"{'Component_1': 7, 'Component_2': 3, 'Component_3': 10, 'Component_4': 51, 'Component_5': 4, 'Component_6': 3, 'Component_7': 71, 'Component_8': 10, 'Component_9': 5, 'Component_10': 96, 'Component_11': 92, 'Component_12': 13, 'Component_13': 73, 'Component_14': 2, 'Component_15': 2, 'Component_16': 77, 'Component_17': 100, 'Component_18': 91, 'Component_19': 70, 'Component_20': 4, 'Component_21': 7, 'Component_22': 62, 'Component_23': 4, 'Component_24': 14}",10.016949734349543
4.0,9.413231696420311,Fail,1000,945,55,146,854,834,True,31,"{'Component_1': 7, 'Component_2': 3, 'Component_3': 10, 'Component_4': 51, 'Component_5': 4, 'Component_6': 3, 'Component_7': 57, 'Component_8': 10, 'Component_9': 10, 'Component_10': 5, 'Component_11': 94, 'Component_12': 89, 'Component_13': 13, 'Component_14': 73, 'Component_15': 2, 'Component_16': 2, 'Component_17': 77, 'Component_18': 100, 'Component_19': 63, 'Component_20': 6, 'Component_21': 17, 'Component_22': 2, 'Component_23': 70, 'Component_24': 4, 'Component_25': 7, 'Component_26': 7, 'Component_27': 2, 'Component_28': 45, 'Component_29': 4, 'Component_30': 14, 'Component_31': 3}",9.413231696420311
4.0,9.057849692892365,Fail,1000,939,61,162,838,816,True,33,"{'Component_1': 7, 'Component_2': 3, 'Component_3': 10, 'Component_4': 49, 'Component_5': 4, 'Component_6': 3, 'Component_7': 53, 'Component_8': 10, 'Component_9': 10, 'Component_10': 5, 'Component_11': 94, 'Component_12': 85, 'Component_13': 13, 'Component_14': 73, 'Component_15': 2, 'Component_16': 2, 'Component_17': 60, 'Component_18': 4, 'Component_19': 9, 'Component_20': 100, 'Component_21': 63, 'Component_22': 6, 'Component_23': 17, 'Component_24': 2, 'Component_25': 70, 'Component_26': 4, 'Component_27': 7, 'Component_28': 2, 'Component_29': 45, 'Component_30': 4, 'Component_31': 14, 'Component_32': 5, 'Component_33': 3}",9.057849692892365
4.0,29.063915019607236,Pass,1000,992,8,20,980,975,True,1,{'Component_1': 980},29.063915019607236
5.0,25.601734457208256,Fail,1000,993,7,32,968,978,True,6,"{'Component_1': 93, 'Component_2': 678, 'Component_3': 2, 'Component_4': 2, 'Component_5': 97, 'Component_6': 96}",25.601734457208256
5.0,20.335053903354876,Fail,1000,988,12,52,948,963,True,7,"{'Component_1': 85, 'Component_2': 589, 'Component_3': 86, 'Component_4': 2, 'Component_5': 2, 'Component_6': 92, 'Component_7': 92}",20.335053903354876
5.0,17.087863564298637,Fail,1000,985,15,65,935,954,True,12,"{'Component_1': 65, 'Component_2': 4, 'Component_3': 4, 'Component_4': 2, 'Component_5': 2, 'Component_6': 589, 'Component_7': 86, 'Component_8': 2, 'Component_9': 2, 'Component_10': 75, 'Component_11': 12, 'Component_12': 92}",17.087863564298637
5.0,15.699321307677213,Fail,1000,983,17,78,922,948,True,13,"{'Component_1': 60, 'Component_2': 4, 'Component_3': 4, 'Component_4': 2, 'Component_5': 579, 'Component_6': 2, 'Component_7': 2, 'Component_8': 86, 'Component_9': 2, 'Component_10': 2, 'Component_11': 75, 'Component_12': 12, 'Component_13': 92}",15.699321307677213
5.0,14.820349590962826,Fail,1000,980,20,88,912,939,True,13,"{'Component_1': 60, 'Component_2': 3, 'Component_3': 4, 'Component_4': 2, 'Component_5': 570, 'Component_6': 2, 'Component_7': 2, 'Component_8': 86, 'Component_9': 2, 'Component_10': 2, 'Component_11': 75, 'Component_12': 12, 'Component_13': 92}",14.820349590962826
5.0,13.952535631751665,Fail,1000,978,22,94,906,933,True,15,"{'Component_1': 60, 'Component_2': 3, 'Component_3': 4, 'Component_4': 2, 'Component_5': 560, 'Component_6': 2, 'Component_7': 2, 'Component_8': 2, 'Component_9': 2, 'Component_10': 86, 'Component_11': 2, 'Component_12': 2, 'Component_13': 75, 'Component_14': 12, 'Component_15': 92}",13.952535631751665
5.0,12.897650659713413,Fail,1000,976,24,102,898,927,True,17,"{'Component_1': 60, 'Component_2': 3, 'Component_3': 4, 'Component_4': 2, 'Component_5': 550, 'Component_6': 2, 'Component_7': 2, 'Component_8': 2, 'Component_9': 2, 'Component_10': 2, 'Component_11': 2, 'Component_12': 86, 'Component_13': 2, 'Component_14': 2, 'Component_15': 75, 'Component_16': 12, 'Component_17': 90}",12.897650659713413
6.0,25.50623999977791,Fail,1000,991,9,51,949,972,True,6,"{'Component_1': 92, 'Component_2': 2, 'Component_3': 82, 'Component_4': 2, 'Component_5': 769, 'Component_6': 2}",25.50623999977791
6.0,16.13637761503542,Fail,1000,987,13,74,926,960,True,8,"{'Component_1': 82, 'Component_2': 2, 'Component_3': 82, 'Component_4': 2, 'Component_5': 572, 'Component_6': 2, 'Component_7': 2, 'Component_8': 182}",16.13637761503542
6.0,14.281417051884558,Fail,1000,982,18,97,903,945,True,9,"{'Component_1': 79, 'Component_2': 2, 'Component_3': 78, 'Component_4': 2, 'Component_5': 566, 'Component_6': 2, 'Component_7': 2, 'Component_8': 92, 'Component_9': 80}",14.281417051884558
6.0,12.28243054466416,Fail,1000,980,20,106,894,939,True,10,"{'Component_1': 72, 'Component_2': 2, 'Component_3': 78, 'Component_4': 2, 'Component_5': 566, 'Component_6': 2, 'Component_7': 2, 'Component_8': 92, 'Component_9': 74, 'Component_10': 4}",12.28243054466416
6.0,12.058210096783444,Fail,1000,978,22,117,883,933,True,12,"{'Component_1': 72, 'Component_2': 2, 'Component_3': 78, 'Component_4': 2, 'Component_5': 100, 'Component_6': 455, 'Component_7': 2, 'Component_8': 2, 'Component_9': 2, 'Component_10': 92, 'Component_11': 73, 'Component_12': 3}",12.058210096783444
6.0,12.782228242240487,Fail,1000,976,24,130,870,927,True,19,"{'Component_1': 72, 'Component_2': 2, 'Component_3': 78, 'Component_4': 2, 'Component_5': 100, 'Component_6': 89, 'Component_7': 2, 'Component_8': 100, 'Component_9': 17, 'Component_10': 2, 'Component_11': 59, 'Component_12': 2, 'Component_13': 2, 'Component_14': 85, 'Component_15': 2, 'Component_16': 88, 'Component_17': 92, 'Component_18': 73, 'Component_19': 3}",12.782228242240487
6.0,12.310569573800354,Fail,1000,974,26,148,852,921,True,19,"{'Component_1': 64, 'Component_2': 2, 'Component_3': 78, 'Component_4': 2, 'Component_5': 100, 'Component_6': 89, 'Component_7': 2, 'Component_8': 100, 'Component_9': 17, 'Component_10': 2, 'Component_11': 59, 'Component_12': 2, 'Component_13': 2, 'Component_14': 85, 'Component_15': 2, 'Component_16': 88, 'Component_17': 82, 'Component_18': 73, 'Component_19': 3}",12.310569573800354
7.0,30.5957594910876,Fail,1000,992,8,67,933,975,True,10,"{'Component_1': 77, 'Component_2': 2, 'Component_3': 2, 'Component_4': 93, 'Component_5': 100, 'Component_6': 379, 'Component_7': 100, 'Component_8': 89, 'Component_9': 89, 'Component_10': 2}",30.5957594910876
7.0,17.825479624829395,Fail,1000,987,13,106,894,960,True,13,"{'Component_1': 52, 'Component_2': 15, 'Component_3': 3, 'Component_4': 2, 'Component_5': 2, 'Component_6': 86, 'Component_7': 100, 'Component_8': 90, 'Component_9': 279, 'Component_10': 100, 'Component_11': 89, 'Component_12': 57, 'Component_13': 19}",17.825479624829395
7.0,16.21808449582047,Fail,1000,984,16,126,874,951,True,16,"{'Component_1': 52, 'Component_2': 15, 'Component_3': 3, 'Component_4': 2, 'Component_5': 2, 'Component_6': 74, 'Component_7': 3, 'Component_8': 100, 'Component_9': 90, 'Component_10': 186, 'Component_11': 93, 'Component_12': 91, 'Component_13': 89, 'Component_14': 57, 'Component_15': 9, 'Component_16': 8}",16.21808449582047
7.0,14.803905438082369,Fail,1000,982,18,139,861,945,True,18,"{'Component_1': 52, 'Component_2': 15, 'Component_3': 3, 'Component_4': 2, 'Component_5': 2, 'Component_6': 74, 'Component_7': 3, 'Component_8': 100, 'Component_9': 81, 'Component_10': 2, 'Component_11': 93, 'Component_12': 93, 'Component_13': 93, 'Component_14': 91, 'Component_15': 89, 'Component_16': 57, 'Component_17': 8, 'Component_18': 3}",14.803905438082369
7.0,13.399048537252474,Fail,1000,980,20,153,847,939,True,16,"{'Component_1': 52, 'Component_2': 15, 'Component_3': 3, 'Component_4': 74, 'Component_5': 3, 'Component_6': 100, 'Component_7': 81, 'Component_8': 2, 'Component_9': 93, 'Component_10': 93, 'Component_11': 83, 'Component_12': 91, 'Component_13': 89, 'Component_14': 57, 'Component_15': 8, 'Component_16': 3}",13.399048537252474
7.0,12.621727571162564,Fail,1000,979,21,162,838,936,True,17,"{'Component_1': 52, 'Component_2': 15, 'Component_3': 3, 'Component_4': 74, 'Component_5': 3, 'Component_6': 100, 'Component_7': 81, 'Component_8': 2, 'Component_9': 82, 'Component_10': 2, 'Component_11': 93, 'Component_12': 83, 'Component_13': 91, 'Component_14': 89, 'Component_15': 57, 'Component_16': 8, 'Component_17': 3}",12.621727571162564
7.0,12.426973612291548,Fail,1000,977,23,183,817,930,True,17,"{'Component_1': 43, 'Component_2': 15, 'Component_3': 74, 'Component_4': 3, 'Component_5': 100, 'Component_6': 81, 'Component_7': 2, 'Component_8': 82, 'Component_9': 2, 'Component_10': 93, 'Component_11': 83, 'Component_12': 91, 'Component_13': 89, 'Component_14': 51, 'Component_15': 3, 'Component_16': 3, 'Component_17': 2}",12.426973612291548
8.0,26.682865183035155,Fail,1000,993,7,70,930,978,True,11,"{'Component_1': 100, 'Component_2': 2, 'Component_3': 83, 'Component_4': 84, 'Component_5': 2, 'Component_6': 2, 'Component_7': 100, 'Component_8': 300, 'Component_9': 87, 'Component_10': 87, 'Component_11': 83}",26.682865183035155
8.0,17.170580894105996,Fail,1000,990,10,90,910,969,True,10,"{'Component_1': 100, 'Component_2': 2, 'Component_3': 83, 'Component_4': 84, 'Component_5': 100, 'Component_6': 289, 'Component_7': 2, 'Component_8': 87, 'Component_9': 87, 'Component_10': 76}",17.170580894105996
8.0,13.133078909751761,Fail,1000,986,14,124,876,957,True,16,"{'Component_1': 93, 'Component_2': 2, 'Component_3': 3, 'Component_4': 80, 'Component_5': 60, 'Component_6': 6, 'Component_7': 5, 'Component_8': 100, 'Component_9': 100, 'Component_10': 189, 'Component_11': 2, 'Component_12': 87, 'Component_13': 87, 'Component_14': 56, 'Component_15': 4, 'Component_16': 2}",13.133078909751761
8.0,14.106263598949916,Fail,1000,985,15,136,864,954,True,19,"{'Component_1': 93, 'Component_2': 2, 'Component_3': 3, 'Component_4': 80, 'Component_5': 60, 'Component_6': 6, 'Component_7': 5, 'Component_8': 100, 'Component_9': 100, 'Component_10': 84, 'Component_11': 2, 'Component_12': 2, 'Component_13': 89, 'Component_14': 2, 'Component_15': 87, 'Component_16': 87, 'Component_17': 56, 'Component_18': 4, 'Component_19': 2}",14.106263598949916
8.0,14.048942407006363,Fail,1000,984,16,147,853,951,True,20,"{'Component_1': 93, 'Component_2': 2, 'Component_3': 3, 'Component_4': 80, 'Component_5': 60, 'Component_6': 6, 'Component_7': 5, 'Component_8': 87, 'Component_9': 2, 'Component_10': 100, 'Component_11': 84, 'Component_12': 2, 'Component_13': 2, 'Component_14': 89, 'Component_15': 2, 'Component_16': 87, 'Component_17': 87, 'Component_18': 56, 'Component_19': 4, 'Component_20': 2}",14.048942407006363
8.0,14.048942407006363,Fail,1000,984,16,147,853,951,True,20,"{'Component_1': 93, 'Component_2': 2, 'Component_3': 3, 'Component_4': 80, 'Component_5': 60, 'Component_6': 6, 'Component_7': 5, 'Component_8': 87, 'Component_9': 2, 'Component_10': 100, 'Component_11': 84, 'Component_12': 2, 'Component_13': 2, 'Component_14': 89, 'Component_15': 2, 'Component_16': 87, 'Component_17': 87, 'Component_18': 56, 'Component_19': 4, 'Component_20': 2}",14.048942407006363
8.0,12.986287571602126,Fail,1000,982,18,159,841,945,True,25,"{'Component_1': 93, 'Component_2': 2, 'Component_3': 3, 'Component_4': 67, 'Component_5': 3, 'Component_6': 3, 'Component_7': 2, 'Component_8': 60, 'Component_9': 6, 'Component_10': 5, 'Component_11': 87, 'Component_12': 2, 'Component_13': 100, 'Component_14': 84, 'Component_15': 2, 'Component_16': 2, 'Component_17': 89, 'Component_18': 2, 'Component_19': 87, 'Component_20': 87, 'Component_21': 21, 'Component_22': 23, 'Component_23': 5, 'Component_24': 4, 'Component_25': 2}",12.986287571602126
9.0,28.473130937508323,Fail,1000,992,8,87,913,975,True,14,"{'Component_1': 4, 'Component_2': 48, 'Component_3': 7, 'Component_4': 100, 'Component_5': 94, 'Component_6': 200, 'Component_7': 91, 'Component_8': 100, 'Component_9': 71, 'Component_10': 6, 'Component_11': 2, 'Component_12': 2, 'Component_13': 100, 'Component_14': 88}",28.473130937508323
9.0,18.368887921627696,Fail,1000,987,13,128,872,960,True,22,"{'Component_1': 4, 'Component_2': 10, 'Component_3': 30, 'Component_4': 7, 'Component_5': 91, 'Component_6': 94, 'Component_7': 100, 'Component_8': 100, 'Component_9': 91, 'Component_10': 100, 'Component_11': 22, 'Component_12': 6, 'Component_13': 24, 'Component_14': 7, 'Component_15': 2, 'Component_16': 2, 'Component_17': 80, 'Component_18': 7, 'Component_19': 7, 'Component_20': 4, 'Component_21': 4, 'Component_22': 80}",18.368887921627696
9.0,16.892112192164795,Fail,1000,984,16,161,839,951,True,26,"{'Component_1': 4, 'Component_2': 10, 'Component_3': 6, 'Component_4': 6, 'Component_5': 7, 'Component_6': 2, 'Component_7': 2, 'Component_8': 2, 'Component_9': 91, 'Component_10': 94, 'Component_11': 100, 'Component_12': 100, 'Component_13': 91, 'Component_14': 100, 'Component_15': 22, 'Component_16': 6, 'Component_17': 24, 'Component_18': 7, 'Component_19': 2, 'Component_20': 2, 'Component_21': 77, 'Component_22': 4, 'Component_23': 4, 'Component_24': 4, 'Component_25': 4, 'Component_26': 68}",16.892112192164795
9.0,16.348742744349728,Fail,1000,982,18,184,816,945,True,30,"{'Component_1': 4, 'Component_2': 10, 'Component_3': 7, 'Component_4': 2, 'Component_5': 2, 'Component_6': 2, 'Component_7': 2, 'Component_8': 2, 'Component_9': 91, 'Component_10': 94, 'Component_11': 100, 'Component_12': 100, 'Component_13': 91, 'Component_14': 100, 'Component_15': 22, 'Component_16': 6, 'Component_17': 24, 'Component_18': 7, 'Component_19': 2, 'Component_20': 2, 'Component_21': 4, 'Component_22': 4, 'Component_23': 4, 'Component_24': 10, 'Component_25': 40, 'Component_26': 4, 'Component_27': 4, 'Component_28': 4, 'Component_29': 4, 'Component_30': 68}",16.348742744349728
9.0,14.620461229325981,Fail,1000,979,21,205,795,936,True,34,"{'Component_1': 4, 'Component_2': 4, 'Component_3': 7, 'Component_4': 2, 'Component_5': 2, 'Component_6': 2, 'Component_7': 2, 'Component_8': 2, 'Component_9': 20, 'Component_10': 71, 'Component_11': 94, 'Component_12': 100, 'Component_13': 100, 'Component_14': 91, 'Component_15': 100, 'Component_16': 22, 'Component_17': 6, 'Component_18': 24, 'Component_19': 7, 'Component_20': 2, 'Component_21': 2, 'Component_22': 4, 'Component_23': 4, 'Component_24': 4, 'Component_25': 10, 'Component_26': 40, 'Component_27': 4, 'Component_28': 4, 'Component_29': 4, 'Component_30': 4, 'Component_31': 47, 'Component_32': 2, 'Component_33': 2, 'Component_34': 2}",14.620461229325981
9.0,15.14555411238411,Fail,1000,978,22,217,783,933,True,34,"{'Component_1': 4, 'Component_2': 4, 'Component_3': 7, 'Component_4': 2, 'Component_5': 2, 'Component_6': 2, 'Component_7': 2, 'Component_8': 2, 'Component_9': 20, 'Component_10': 71, 'Component_11': 94, 'Component_12': 100, 'Component_13': 88, 'Component_14': 91, 'Component_15': 100, 'Component_16': 22, 'Component_17': 6, 'Component_18': 24, 'Component_19': 7, 'Component_20': 2, 'Component_21': 2, 'Component_22': 4, 'Component_23': 4, 'Component_24': 4, 'Component_25': 10, 'Component_26': 40, 'Component_27': 4, 'Component_28': 4, 'Component_29': 4, 'Component_30': 4, 'Component_31': 47, 'Component_32': 2, 'Component_33': 2, 'Component_34': 2}",15.14555411238411
9.0,14.010067944737742,Fail,1000,976,24,236,764,927,True,39,"{'Component_1': 4, 'Component_2': 4, 'Component_3': 7, 'Component_4': 2, 'Component_5': 2, 'Component_6': 2, 'Component_7': 2, 'Component_8': 2, 'Component_9': 20, 'Component_10': 31, 'Component_11': 10, 'Component_12': 6, 'Component_13': 6, 'Component_14': 6, 'Component_15': 94, 'Component_16': 100, 'Component_17': 88, 'Component_18': 91, 'Component_19': 100, 'Component_20': 5, 'Component_21': 10, 'Component_22': 6, 'Component_23': 24, 'Component_24': 7, 'Component_25': 2, 'Component_26': 2, 'Component_27': 4, 'Component_28': 4, 'Component_29': 4, 'Component_30': 10, 'Component_31': 40, 'Component_32': 4, 'Component_33': 4, 'Component_34': 4, 'Component_35': 4, 'Component_36': 47, 'Component_37': 2, 'Component_38': 2, 'Component_39': 2}",14.010067944737742
10.0,27.567741605374152,Fail,1000,992,8,92,908,975,True,19,"{'Component_1': 93, 'Component_2': 20, 'Component_3': 80, 'Component_4': 72, 'Component_5': 90, 'Component_6': 10, 'Component_7': 89, 'Component_8': 100, 'Component_9': 100, 'Component_10': 6, 'Component_11': 87, 'Component_12': 53, 'Component_13': 10, 'Component_14': 20, 'Component_15': 7, 'Component_16': 50, 'Component_17': 7, 'Component_18': 10, 'Component_19': 4}",27.567741605374152
10.0,22.84845650633107,Fail,1000,987,13,156,844,960,True,31,"{'Component_1': 6, 'Component_2': 10, 'Component_3': 10, 'Component_4': 34, 'Component_5': 2, 'Component_6': 2, 'Component_7': 10, 'Component_8': 10, 'Component_9': 80, 'Component_10': 72, 'Component_11': 20, 'Component_12': 70, 'Component_13': 10, 'Component_14': 80, 'Component_15': 100, 'Component_16': 100, 'Component_17': 6, 'Component_18': 87, 'Component_19': 5, 'Component_20': 6, 'Component_21': 10, 'Component_22': 16, 'Component_23': 7, 'Component_24': 3, 'Component_25': 6, 'Component_26': 6, 'Component_27': 5, 'Component_28': 50, 'Component_29': 7, 'Component_30': 10, 'Component_31': 4}",22.84845650633107
10.0,16.5454369050544,Fail,1000,983,17,174,826,948,True,32,"{'Component_1': 6, 'Component_2': 10, 'Component_3': 10, 'Component_4': 31, 'Component_5': 2, 'Component_6': 2, 'Component_7': 10, 'Component_8': 10, 'Component_9': 80, 'Component_10': 44, 'Component_11': 21, 'Component_12': 20, 'Component_13': 70, 'Component_14': 10, 'Component_15': 80, 'Component_16': 100, 'Component_17': 100, 'Component_18': 6, 'Component_19': 87, 'Component_20': 5, 'Component_21': 6, 'Component_22': 10, 'Component_23': 16, 'Component_24': 3, 'Component_25': 6, 'Component_26': 6, 'Component_27': 5, 'Component_28': 5, 'Component_29': 50, 'Component_30': 7, 'Component_31': 4, 'Component_32': 4}",16.5454369050544
10.0,15.851593472722096,Fail,1000,980,20,207,793,939,True,42,"{'Component_1': 6, 'Component_2': 10, 'Component_3': 10, 'Component_4': 31, 'Component_5': 2, 'Component_6': 2, 'Component_7': 10, 'Component_8': 10, 'Component_9': 40, 'Component_10': 10, 'Component_11': 10, 'Component_12': 20, 'Component_13': 33, 'Component_14': 5, 'Component_15': 6, 'Component_16': 6, 'Component_17': 5, 'Component_18': 20, 'Component_19': 70, 'Component_20': 10, 'Component_21': 80, 'Component_22': 100, 'Component_23': 100, 'Component_24': 6, 'Component_25': 77, 'Component_26': 5, 'Component_27': 6, 'Component_28': 10, 'Component_29': 16, 'Component_30': 3, 'Component_31': 6, 'Component_32': 6, 'Component_33': 5, 'Component_34': 5, 'Component_35': 2, 'Component_36': 3, 'Component_37': 10, 'Component_38': 20, 'Component_39': 7, 'Component_40': 4, 'Component_41': 4, 'Component_42': 2}",15.851593472722096
10.0,15.474755057157715,Fail,1000,978,22,234,766,933,True,49,"{'Component_1': 6, 'Component_2': 10, 'Component_3': 10, 'Component_4': 31, 'Component_5': 2, 'Component_6': 2, 'Component_7': 10, 'Component_8': 10, 'Component_9': 40, 'Component_10': 10, 'Component_11': 10, 'Component_12': 20, 'Component_13': 21, 'Component_14': 6, 'Component_15': 6, 'Component_16': 5, 'Component_17': 6, 'Component_18': 6, 'Component_19': 5, 'Component_20': 20, 'Component_21': 10, 'Component_22': 10, 'Component_23': 10, 'Component_24': 10, 'Component_25': 10, 'Component_26': 4, 'Component_27': 4, 'Component_28': 3, 'Component_29': 80, 'Component_30': 100, 'Component_31': 100, 'Component_32': 6, 'Component_33': 77, 'Component_34': 5, 'Component_35': 6, 'Component_36': 10, 'Component_37': 10, 'Component_38': 3, 'Component_39': 6, 'Component_40': 6, 'Component_41': 6, 'Component_42': 5, 'Component_43': 5, 'Component_44': 2, 'Component_45': 3, 'Component_46': 10, 'Component_47': 20, 'Component_48': 7, 'Component_49': 2}",15.474755057157715
10.0,14.36912025894496,Fail,1000,976,24,255,745,927,True,51,"{'Component_1': 6, 'Component_2': 10, 'Component_3': 10, 'Component_4': 31, 'Component_5': 2, 'Component_6': 2, 'Component_7': 10, 'Component_8': 10, 'Component_9': 40, 'Component_10': 10, 'Component_11': 10, 'Component_12': 20, 'Component_13': 21, 'Component_14': 6, 'Component_15': 6, 'Component_16': 5, 'Component_17': 6, 'Component_18': 6, 'Component_19': 5, 'Component_20': 20, 'Component_21': 10, 'Component_22': 10, 'Component_23': 10, 'Component_24': 10, 'Component_25': 10, 'Component_26': 4, 'Component_27': 4, 'Component_28': 3, 'Component_29': 68, 'Component_30': 100, 'Component_31': 100, 'Component_32': 6, 'Component_33': 64, 'Component_34': 7, 'Component_35': 6, 'Component_36': 5, 'Component_37': 6, 'Component_38': 10, 'Component_39': 5, 'Component_40': 3, 'Component_41': 6, 'Component_42': 6, 'Component_43': 2, 'Component_44': 5, 'Component_45': 5, 'Component_46': 2, 'Component_47': 3, 'Component_48': 10, 'Component_49': 20, 'Component_50': 7, 'Component_51': 2}",14.36912025894496
10.0,14.186557187774675,Fail,1000,974,26,280,720,921,True,55,"{'Component_1': 6, 'Component_2': 10, 'Component_3': 10, 'Component_4': 15, 'Component_5': 2, 'Component_6': 7, 'Component_7': 2, 'Component_8': 5, 'Component_9': 4, 'Component_10': 10, 'Component_11': 10, 'Component_12': 36, 'Component_13': 5, 'Component_14': 6, 'Component_15': 10, 'Component_16': 10, 'Component_17': 21, 'Component_18': 6, 'Component_19': 6, 'Component_20': 5, 'Component_21': 6, 'Component_22': 6, 'Component_23': 5, 'Component_24': 20, 'Component_25': 10, 'Component_26': 10, 'Component_27': 10, 'Component_28': 10, 'Component_29': 10, 'Component_30': 4, 'Component_31': 4, 'Component_32': 3, 'Component_33': 68, 'Component_34': 100, 'Component_35': 100, 'Component_36': 6, 'Component_37': 64, 'Component_38': 7, 'Component_39': 6, 'Component_40': 5, 'Component_41': 6, 'Component_42': 10, 'Component_43': 5, 'Component_44': 3, 'Component_45': 6, 'Component_46': 6, 'Component_47': 2, 'Component_48': 5, 'Component_49': 5, 'Component_50': 2, 'Component_51': 10, 'Component_52': 7, 'Component_53': 6, 'Component_54': 5, 'Component_55': 2}",14.186557187774675
0.0,N/A,Pass,1000,999,1,1,999,996,True,1,{'Component_1': 999},N/A
0.0,27.11241330496607,Pass,1000,991,9,11,989,972,True,1,{'Component_1': 989},27.11241330496607
0.0,13.36514743626372,Fail,1000,967,33,41,959,900,True,2,"{'Component_1': 957, 'Component_2': 2}",13.36514743626372
0.0,9.842080920785827,Fail,1000,952,48,57,943,855,True,5,"{'Component_1': 471, 'Component_2': 2, 'Component_3': 380, 'Component_4': 2, 'Component_5': 88}",9.842080920785827
0.0,9.030214558223536,Fail,1000,940,60,69,931,819,True,7,"{'Component_1': 82, 'Component_2': 2, 'Component_3': 383, 'Component_4': 377, 'Component_5': 2, 'Component_6': 83, 'Component_7': 2}",9.030214558223536
0.0,8.947062931972699,Fail,1000,933,67,77,923,798,True,7,"{'Component_1': 81, 'Component_2': 2, 'Component_3': 381, 'Component_4': 373, 'Component_5': 2, 'Component_6': 82, 'Component_7': 2}",8.947062931972699
0.0,30.90559296597255,Pass,1000,992,8,9,991,975,True,1,{'Component_1': 991},30.90559296597255
1.0,72.56721022610694,Pass,1000,998,2,5,995,993,True,1,{'Component_1': 995},72.56721022610694
1.0,21.718244860805513,Pass,1000,990,10,27,973,969,True,1,{'Component_1': 973},21.718244860805513
1.0,13.651499634080519,Fail,1000,967,33,89,911,900,True,4,"{'Component_1': 273, 'Component_2': 2, 'Component_3': 557, 'Component_4': 79}",13.651499634080519
1.0,10.471457138724675,Fail,1000,955,45,119,881,864,True,6,"{'Component_1': 78, 'Component_2': 187, 'Component_3': 2, 'Component_4': 270, 'Component_5': 276, 'Component_6': 68}",10.471457138724675
1.0,9.914423985672894,Fail,1000,945,55,139,861,834,True,7,"{'Component_1': 76, 'Component_2': 182, 'Component_3': 2, 'Component_4': 265, 'Component_5': 272, 'Component_6': 53, 'Component_7': 11}",9.914423985672894
1.0,9.488189089212414,Fail,1000,937,63,156,844,810,True,7,"{'Component_1': 74, 'Component_2': 179, 'Component_3': 2, 'Component_4': 262, 'Component_5': 265, 'Component_6': 51, 'Component_7': 11}",9.488189089212414
1.0,30.300593499364144,Pass,1000,992,8,21,979,975,True,1,{'Component_1': 979},30.300593499364144
2.0,64.07027391856539,Pass,1000,998,2,5,995,993,True,1,{'Component_1': 995},64.07027391856539
2.0,22.916166491825184,Pass,1000,991,9,23,977,972,True,1,{'Component_1': 977},22.916166491825184
2.0,15.197675159191833,Fail,1000,966,34,93,907,897,True,8,"{'Component_1': 90, 'Component_2': 179, 'Component_3': 3, 'Component_4': 91, 'Component_5': 88, 'Component_6': 282, 'Component_7': 91, 'Component_8': 83}",15.197675159191833
2.0,11.31965010024587,Fail,1000,954,46,124,876,861,True,15,"{'Component_1': 26, 'Component_2': 49, 'Component_3': 2, 'Component_4': 82, 'Component_5': 3, 'Component_6': 97, 'Component_7': 89, 'Component_8': 85, 'Component_9': 80, 'Component_10': 3, 'Component_11': 2, 'Component_12': 188, 'Component_13': 91, 'Component_14': 77, 'Component_15': 2}",11.31965010024587
2.0,9.764670534710701,Fail,1000,943,57,151,849,828,True,21,"{'Component_1': 19, 'Component_2': 37, 'Component_3': 8, 'Component_4': 2, 'Component_5': 2, 'Component_6': 82, 'Component_7': 3, 'Component_8': 97, 'Component_9': 87, 'Component_10': 73, 'Component_11': 5, 'Component_12': 4, 'Component_13': 78, 'Component_14': 3, 'Component_15': 2, 'Component_16': 184, 'Component_17': 3, 'Component_18': 85, 'Component_19': 63, 'Component_20': 10, 'Component_21': 2}",9.764670534710701
2.0,8.802505328960416,Fail,1000,935,65,168,832,804,True,24,"{'Component_1': 4, 'Component_2': 37, 'Component_3': 8, 'Component_4': 4, 'Component_5': 7, 'Component_6': 2, 'Component_7': 2, 'Component_8': 82, 'Component_9': 3, 'Component_10': 94, 'Component_11': 87, 'Component_12': 72, 'Component_13': 3, 'Component_14': 4, 'Component_15': 76, 'Component_16': 3, 'Component_17': 2, 'Component_18': 184, 'Component_19': 3, 'Component_20': 85, 'Component_21': 31, 'Component_22': 27, 'Component_23': 10, 'Component_24': 2}",8.802505328960416
2.0,28.285881725006682,Pass,1000,992,8,27,973,975,True,1,{'Component_1': 973},28.285881725006682
3.0,103.27632836231156,Pass,1000,998,2,6,994,993,True,1,{'Component_1': 994},103.27632836231156
3.0,20.73800246616177,Fail,1000,989,11,27,973,966,True,2,"{'Component_1': 876, 'Component_2': 97}",20.73800246616177
3.0,17.89940293807689,Fail,1000,984,16,42,958,951,True,2,"{'Component_1': 866, 'Component_2': 92}",17.89940293807689
3.0,16.9100920628725,Fail,1000,982,18,48,952,945,True,6,"{'Component_1': 95, 'Component_2': 675, 'Component_3': 92, 'Component_4': 48, 'Component_5': 3, 'Component_6': 39}",16.9100920628725
3.0,16.43762239052699,Fail,1000,980,20,53,947,939,True,6,"{'Component_1': 95, 'Component_2': 670, 'Component_3': 92, 'Component_4': 48, 'Component_5': 3, 'Component_6': 39}",16.43762239052699
3.0,15.90080502265395,Fail,1000,979,21,57,943,936,True,6,"{'Component_1': 95, 'Component_2': 666, 'Component_3': 92, 'Component_4': 48, 'Component_5': 3, 'Component_6': 39}",15.90080502265395
3.0,109.48972554536796,Pass,1000,998,2,7,993,993,True,1,{'Component_1': 993},109.48972554536796
4.0,70.82541392993582,Pass,1000,997,3,9,991,990,True,1,{'Component_1': 991},70.82541392993582
4.0,18.587757027594396,Fail,1000,989,11,31,969,966,True,2,"{'Component_1': 967, 'Component_2': 2}",18.587757027594396
4.0,15.29112395181918,Fail,1000,985,15,41,959,954,True,2,"{'Component_1': 957, 'Component_2': 2}",15.29112395181918
4.0,14.752516906308724,Fail,1000,982,18,48,952,945,True,5,"{'Component_1': 84, 'Component_2': 2, 'Component_3': 93, 'Component_4': 691, 'Component_5': 82}",14.752516906308724
4.0,12.484168347992409,Fail,1000,978,22,58,942,933,True,5,"{'Component_1': 79, 'Component_2': 2, 'Component_3': 93, 'Component_4': 686, 'Component_5': 82}",12.484168347992409
4.0,12.432232081468593,Fail,1000,976,24,63,937,927,True,8,"{'Component_1': 77, 'Component_2': 2, 'Component_3': 93, 'Component_4': 686, 'Component_5': 2, 'Component_6': 68, 'Component_7': 3, 'Component_8': 6}",12.432232081468593
4.0,54.40851914954767,Pass,1000,996,4,10,990,987,True,1,{'Component_1': 990},54.40851914954767
5.0,75.1065909225016,Fail,1000,998,2,9,991,993,True,3,"{'Component_1': 987, 'Component_2': 2, 'Component_3': 2}",75.1065909225016
5.0,29.968512284904758,Fail,1000,997,3,15,985,990,True,5,"{'Component_1': 977, 'Component_2': 2, 'Component_3': 2, 'Component_4': 2, 'Component_5': 2}",29.968512284904758
5.0,23.27362036011261,Fail,1000,996,4,20,980,987,True,5,"{'Component_1': 972, 'Component_2': 2, 'Component_3': 2, 'Component_4': 2, 'Component_5': 2}",23.27362036011261
5.0,22.964775257933223,Fail,1000,995,5,24,976,984,True,5,"{'Component_1': 968, 'Component_2': 2, 'Component_3': 2, 'Component_4': 2, 'Component_5': 2}",22.964775257933223
5.0,19.245126318622674,Fail,1000,994,6,28,972,981,True,7,"{'Component_1': 958, 'Component_2': 2, 'Component_3': 2, 'Component_4': 2, 'Component_5': 2, 'Component_6': 3, 'Component_7': 3}",19.245126318622674
5.0,19.33633695523931,Fail,1000,993,7,32,968,978,True,7,"{'Component_1': 954, 'Component_2': 2, 'Component_3': 2, 'Component_4': 2, 'Component_5': 2, 'Component_6': 3, 'Component_7': 3}",19.33633695523931
6.0,63.13191106921189,Pass,1000,997,3,14,986,990,True,1,{'Component_1': 986},63.13191106921189
6.0,26.0148461563002,Fail,1000,990,10,57,943,969,True,5,"{'Component_1': 181, 'Component_2': 578, 'Component_3': 94, 'Component_4': 88, 'Component_5': 2}",26.0148461563002
6.0,15.925399138075024,Fail,1000,986,14,81,919,957,True,6,"{'Component_1': 175, 'Component_2': 85, 'Component_3': 484, 'Component_4': 90, 'Component_5': 83, 'Component_6': 2}",15.925399138075024
6.0,14.715496450335896,Fail,1000,982,18,114,886,945,True,8,"{'Component_1': 87, 'Component_2': 84, 'Component_3': 60, 'Component_4': 10, 'Component_5': 484, 'Component_6': 90, 'Component_7': 69, 'Component_8': 2}",14.715496450335896
6.0,14.137977456193363,Fail,1000,980,20,124,876,939,True,8,"{'Component_1': 87, 'Component_2': 84, 'Component_3': 52, 'Component_4': 2, 'Component_5': 10, 'Component_6': 484, 'Component_7': 90, 'Component_8': 67}",14.137977456193363
6.0,13.63213461868213,Fail,1000,978,22,139,861,933,True,9,"{'Component_1': 87, 'Component_2': 76, 'Component_3': 52, 'Component_4': 2, 'Component_5': 10, 'Component_6': 484, 'Component_7': 90, 'Component_8': 57, 'Component_9': 3}",13.63213461868213
6.0,102.17631819555841,Pass,1000,998,2,17,983,993,True,1,{'Component_1': 983},102.17631819555841
7.0,82.05485969764375,Fail,1000,998,2,17,983,993,True,3,"{'Component_1': 979, 'Component_2': 2, 'Component_3': 2}",82.05485969764375
7.0,52.099234823575365,Fail,1000,997,3,26,974,990,True,5,"{'Component_1': 200, 'Component_2': 91, 'Component_3': 679, 'Component_4': 2, 'Component_5': 2}",52.099234823575365
7.0,44.024319991803935,Fail,1000,996,4,36,964,987,True,5,"{'Component_1': 190, 'Component_2': 91, 'Component_3': 679, 'Component_4': 2, 'Component_5': 2}",44.024319991803935
7.0,34.14954235839961,Fail,1000,995,5,49,951,984,True,7,"{'Component_1': 190, 'Component_2': 91, 'Component_3': 84, 'Component_4': 2, 'Component_5': 2, 'Component_6': 100, 'Component_7': 482}",34.14954235839961
7.0,28.45381595989055,Fail,1000,994,6,62,938,981,True,7,"{'Component_1': 190, 'Component_2': 91, 'Component_3': 84, 'Component_4': 2, 'Component_5': 2, 'Component_6': 87, 'Component_7': 482}",28.45381595989055
7.0,28.45381595989055,Fail,1000,994,6,62,938,981,True,7,"{'Component_1': 190, 'Component_2': 91, 'Component_3': 84, 'Component_4': 2, 'Component_5': 2, 'Component_6': 87, 'Component_7': 482}",28.45381595989055
8.0,67.48333127521195,Fail,1000,998,2,16,984,993,True,2,"{'Component_1': 982, 'Component_2': 2}",67.48333127521195
8.0,37.425464420297544,Fail,1000,997,3,27,973,990,True,7,"{'Component_1': 300, 'Component_2': 100, 'Component_3': 76, 'Component_4': 2, 'Component_5': 2, 'Component_6': 100, 'Component_7': 393}",37.425464420297544
8.0,38.583320585168394,Fail,1000,996,4,35,965,987,True,11,"{'Component_1': 300, 'Component_2': 100, 'Component_3': 76, 'Component_4': 2, 'Component_5': 2, 'Component_6': 100, 'Component_7': 100, 'Component_8': 100, 'Component_9': 83, 'Component_10': 2, 'Component_11': 100}",38.583320585168394
8.0,30.7996834565609,Fail,1000,995,5,43,957,984,True,12,"{'Component_1': 300, 'Component_2': 100, 'Component_3': 76, 'Component_4': 2, 'Component_5': 2, 'Component_6': 2, 'Component_7': 90, 'Component_8': 100, 'Component_9': 100, 'Component_10': 83, 'Component_11': 2, 'Component_12': 100}",30.7996834565609
8.0,28.567383366874633,Fail,1000,994,6,52,948,981,True,13,"{'Component_1': 289, 'Component_2': 2, 'Component_3': 100, 'Component_4': 76, 'Component_5': 2, 'Component_6': 2, 'Component_7': 2, 'Component_8': 90, 'Component_9': 100, 'Component_10': 100, 'Component_11': 83, 'Component_12': 2, 'Component_13': 100}",28.567383366874633
8.0,28.55211416325189,Fail,1000,993,7,63,937,978,True,14,"{'Component_1': 276, 'Component_2': 2, 'Component_3': 2, 'Component_4': 100, 'Component_5': 76, 'Component_6': 2, 'Component_7': 2, 'Component_8': 2, 'Component_9': 90, 'Component_10': 100, 'Component_11': 100, 'Component_12': 83, 'Component_13': 2, 'Component_14': 100}",28.55211416325189
9.0,N/A,Pass,1000,999,1,18,982,996,True,1,{'Component_1': 982},N/A
9.0,28.34605171339934,Fail,1000,991,9,110,890,972,True,15,"{'Component_1': 18, 'Component_2': 10, 'Component_3': 48, 'Component_4': 10, 'Component_5': 10, 'Component_6': 60, 'Component_7': 5, 'Component_8': 100, 'Component_9': 91, 'Component_10': 100, 'Component_11': 82, 'Component_12': 91, 'Component_13': 92, 'Component_14': 100, 'Component_15': 73}",28.34605171339934
9.0,20.943718769362725,Fail,1000,987,13,146,854,960,True,21,"{'Component_1': 12, 'Component_2': 6, 'Component_3': 42, 'Component_4': 7, 'Component_5': 10, 'Component_6': 10, 'Component_7': 60, 'Component_8': 5, 'Component_9': 21, 'Component_10': 70, 'Component_11': 91, 'Component_12': 100, 'Component_13': 76, 'Component_14': 91, 'Component_15': 92, 'Component_16': 72, 'Component_17': 10, 'Component_18': 6, 'Component_19': 55, 'Component_20': 6, 'Component_21': 12}",20.943718769362725
9.0,17.933167627272415,Fail,1000,984,16,168,832,951,True,22,"{'Component_1': 6, 'Component_2': 42, 'Component_3': 3, 'Component_4': 3, 'Component_5': 7, 'Component_6': 10, 'Component_7': 10, 'Component_8': 60, 'Component_9': 5, 'Component_10': 21, 'Component_11': 70, 'Component_12': 91, 'Component_13': 100, 'Component_14': 72, 'Component_15': 91, 'Component_16': 92, 'Component_17': 66, 'Component_18': 4, 'Component_19': 6, 'Component_20': 55, 'Component_21': 6, 'Component_22': 12}",17.933167627272415
9.0,16.04108225068527,Fail,1000,981,19,187,813,942,True,27,"{'Component_1': 6, 'Component_2': 24, 'Component_3': 10, 'Component_4': 3, 'Component_5': 3, 'Component_6': 7, 'Component_7': 8, 'Component_8': 10, 'Component_9': 10, 'Component_10': 7, 'Component_11': 34, 'Component_12': 5, 'Component_13': 5, 'Component_14': 5, 'Component_15': 21, 'Component_16': 70, 'Component_17': 91, 'Component_18': 100, 'Component_19': 72, 'Component_20': 85, 'Component_21': 92, 'Component_22': 66, 'Component_23': 4, 'Component_24': 6, 'Component_25': 51, 'Component_26': 6, 'Component_27': 12}",16.04108225068527
9.0,15.1934037449246,Fail,1000,979,21,210,790,936,True,32,"{'Component_1': 6, 'Component_2': 24, 'Component_3': 10, 'Component_4': 3, 'Component_5': 3, 'Component_6': 7, 'Component_7': 10, 'Component_8': 10, 'Component_9': 7, 'Component_10': 34, 'Component_11': 5, 'Component_12': 5, 'Component_13': 5, 'Component_14': 21, 'Component_15': 70, 'Component_16': 91, 'Component_17': 100, 'Component_18': 10, 'Component_19': 4, 'Component_20': 58, 'Component_21': 7, 'Component_22': 54, 'Component_23': 2, 'Component_24': 2, 'Component_25': 5, 'Component_26': 92, 'Component_27': 66, 'Component_28': 4, 'Component_29': 6, 'Component_30': 51, 'Component_31': 6, 'Component_32': 12}",15.1934037449246
9.0,92.22797840135064,Pass,1000,998,2,26,974,993,True,1,{'Component_1': 974},92.22797840135064
10.0,109.94544101507802,Fail,1000,998,2,29,971,993,True,3,"{'Component_1': 81, 'Component_2': 100, 'Component_3': 790}",109.94544101507802
10.0,48.61222942897283,Fail,1000,997,3,47,953,990,True,8,"{'Component_1': 81, 'Component_2': 100, 'Component_3': 63, 'Component_4': 2, 'Component_5': 13, 'Component_6': 2, 'Component_7': 2, 'Component_8': 690}",48.61222942897283
10.0,20.957061494294564,Fail,1000,996,4,63,937,987,True,10,"{'Component_1': 81, 'Component_2': 100, 'Component_3': 63, 'Component_4': 2, 'Component_5': 13, 'Component_6': 2, 'Component_7': 2, 'Component_8': 500, 'Component_9': 100, 'Component_10': 74}",20.957061494294564
10.0,23.071202303609425,Fail,1000,995,5,73,927,984,True,13,"{'Component_1': 81, 'Component_2': 100, 'Component_3': 50, 'Component_4': 13, 'Component_5': 2, 'Component_6': 13, 'Component_7': 2, 'Component_8': 2, 'Component_9': 90, 'Component_10': 100, 'Component_11': 300, 'Component_12': 100, 'Component_13': 74}",23.071202303609425
10.0,22.370990483648196,Fail,1000,994,6,92,908,981,True,16,"{'Component_1': 81, 'Component_2': 100, 'Component_3': 50, 'Component_4': 13, 'Component_5': 2, 'Component_6': 13, 'Component_7': 2, 'Component_8': 2, 'Component_9': 90, 'Component_10': 40, 'Component_11': 41, 'Component_12': 100, 'Component_13': 100, 'Component_14': 100, 'Component_15': 100, 'Component_16': 74}",22.370990483648196
10.0,22.83685059112025,Fail,1000,993,7,111,889,978,True,18,"{'Component_1': 81, 'Component_2': 100, 'Component_3': 50, 'Component_4': 13, 'Component_5': 2, 'Component_6': 13, 'Component_7': 2, 'Component_8': 2, 'Component_9': 90, 'Component_10': 40, 'Component_11': 41, 'Component_12': 60, 'Component_13': 10, 'Component_14': 30, 'Component_15': 81, 'Component_16': 100, 'Component_17': 100, 'Component_18': 74}",22.83685059112025
0.0,N/A,Pass,1000,999,1,1,999,996,True,1,{'Component_1': 999},N/A
0.0,39.694840905546904,Pass,1000,997,3,3,997,990,True,1,{'Component_1': 997},39.694840905546904
0.0,26.13009700105314,Pass,1000,991,9,11,989,972,True,1,{'Component_1': 989},26.13009700105314
0.0,N/A,Pass,1000,999,1,2,998,996,True,1,{'Component_1': 998},N/A
10.0,N/A,Fail,1000,999,1,13,987,996,True,3,"{'Component_1': 983, 'Component_2': 2, 'Component_3': 2}",N/A
10.0,15.905973720586866,Fail,1000,998,2,31,969,993,True,7,"{'Component_1': 946, 'Component_2': 13, 'Component_3': 2, 'Component_4': 2, 'Component_5': 2, 'Component_6': 2, 'Component_7': 2}",15.905973720586866
10.0,18.44263315792781,Fail,1000,997,3,49,951,990,True,15,"{'Component_1': 100, 'Component_2': 53, 'Component_3': 2, 'Component_4': 2, 'Component_5': 23, 'Component_6': 2, 'Component_7': 13, 'Component_8': 2, 'Component_9': 63, 'Component_10': 2, 'Component_11': 2, 'Component_12': 2, 'Component_13': 83, 'Component_14': 2, 'Component_15': 600}",18.44263315792781
10.0,20.38941339274786,Fail,1000,996,4,59,941,987,True,15,"{'Component_1': 90, 'Component_2': 53, 'Component_3': 2, 'Component_4': 2, 'Component_5': 23, 'Component_6': 2, 'Component_7': 13, 'Component_8': 2, 'Component_9': 63, 'Component_10': 2, 'Component_11': 2, 'Component_12': 2, 'Component_13': 83, 'Component_14': 2, 'Component_15': 600}",20.38941339274786
10.0,24.16009746233772,Fail,1000,995,5,69,931,984,True,15,"{'Component_1': 90, 'Component_2': 53, 'Component_3': 2, 'Component_4': 2, 'Component_5': 23, 'Component_6': 2, 'Component_7': 13, 'Component_8': 2, 'Component_9': 63, 'Component_10': 2, 'Component_11': 2, 'Component_12': 2, 'Component_13': 83, 'Component_14': 2, 'Component_15': 590}",24.16009746233772
10.0,23.429524130539658,Fail,1000,994,6,79,921,981,True,17,"{'Component_1': 90, 'Component_2': 53, 'Component_3': 2, 'Component_4': 2, 'Component_5': 23, 'Component_6': 2, 'Component_7': 13, 'Component_8': 2, 'Component_9': 3, 'Component_10': 10, 'Component_11': 50, 'Component_12': 2, 'Component_13': 2, 'Component_14': 2, 'Component_15': 73, 'Component_16': 2, 'Component_17': 590}",23.429524130539658
9.5,N/A,Pass,1000,999,1,9,991,996,True,1,{'Component_1': 991},N/A
9.5,34.67549761145584,Fail,1000,995,5,42,958,984,True,9,"{'Component_1': 91, 'Component_2': 94, 'Component_3': 100, 'Component_4': 100, 'Component_5': 100, 'Component_6': 94, 'Component_7': 91, 'Component_8': 88, 'Component_9': 200}",34.67549761145584
9.5,26.28666243483111,Fail,1000,994,6,57,943,981,True,14,"{'Component_1': 91, 'Component_2': 94, 'Component_3': 3, 'Component_4': 3, 'Component_5': 73, 'Component_6': 2, 'Component_7': 2, 'Component_8': 2, 'Component_9': 100, 'Component_10': 100, 'Component_11': 94, 'Component_12': 91, 'Component_13': 88, 'Component_14': 200}",26.28666243483111
9.5,29.250268382029436,Fail,1000,993,7,69,931,978,True,15,"{'Component_1': 91, 'Component_2': 94, 'Component_3': 3, 'Component_4': 3, 'Component_5': 73, 'Component_6': 2, 'Component_7': 2, 'Component_8': 2, 'Component_9': 100, 'Component_10': 100, 'Component_11': 94, 'Component_12': 91, 'Component_13': 88, 'Component_14': 100, 'Component_15': 88}",29.250268382029436
9.5,25.69692945677611,Fail,1000,992,8,87,913,975,True,15,"{'Component_1': 91, 'Component_2': 94, 'Component_3': 3, 'Component_4': 3, 'Component_5': 73, 'Component_6': 2, 'Component_7': 2, 'Component_8': 2, 'Component_9': 100, 'Component_10': 100, 'Component_11': 94, 'Component_12': 91, 'Component_13': 88, 'Component_14': 82, 'Component_15': 88}",25.69692945677611
9.5,25.529134322122722,Fail,1000,991,9,102,898,972,True,18,"{'Component_1': 91, 'Component_2': 94, 'Component_3': 3, 'Component_4': 3, 'Component_5': 73, 'Component_6': 2, 'Component_7': 2, 'Component_8': 2, 'Component_9': 100, 'Component_10': 2, 'Component_11': 2, 'Component_12': 2, 'Component_13': 79, 'Component_14': 94, 'Component_15': 91, 'Component_16': 88, 'Component_17': 82, 'Component_18': 88}",25.529134322122722
9.5,N/A,Fail,1000,999,1,18,982,996,True,4,"{'Component_1': 100, 'Component_2': 82, 'Component_3': 100, 'Component_4': 700}",N/A
9.0,N/A,Pass,1000,999,1,9,991,996,True,1,{'Component_1': 991},N/A
9.0,36.09741420656888,Fail,1000,995,5,38,962,984,True,4,"{'Component_1': 94, 'Component_2': 100, 'Component_3': 92, 'Component_4': 676}",36.09741420656888
10.0,N/A,Pass,1000,999,1,13,987,996,True,1,{'Component_1': 987},N/A
10.0,N/A,Fail,1000,999,1,18,982,996,True,8,"{'Component_1': 700, 'Component_2': 100, 'Component_3': 53, 'Component_4': 2, 'Component_5': 23, 'Component_6': 2, 'Component_7': 2, 'Component_8': 100}",N/A
10.0,N/A,Pass,1000,999,1,13,987,996,True,1,{'Component_1': 987},N/A
10.0,N/A,Fail,1000,999,1,19,981,996,True,4,"{'Component_1': 700, 'Component_2': 100, 'Component_3': 81, 'Component_4': 100}",N/A
10.0,N/A,Pass,1000,999,1,19,981,996,True,1,{'Component_1': 981},N/A
10.0,N/A,Fail,1000,999,1,19,981,996,True,5,"{'Component_1': 600, 'Component_2': 100, 'Component_3': 81, 'Component_4': 100, 'Component_5': 100}",N/A
10.0,N/A,Fail,1000,999,1,18,982,996,True,9,"{'Component_1': 600, 'Component_2': 100, 'Component_3': 100, 'Component_4': 33, 'Component_5': 2, 'Component_6': 2, 'Component_7': 43, 'Component_8': 2, 'Component_9': 100}",N/A
10.0,N/A,Fail,1000,999,1,19,981,996,True,4,"{'Component_1': 100, 'Component_2': 81, 'Component_3': 100, 'Component_4': 700}",N/A
10.0,N/A,Fail,1000,999,1,18,982,996,True,8,"{'Component_1': 100, 'Component_2': 53, 'Component_3': 2, 'Component_4': 2, 'Component_5': 23, 'Component_6': 2, 'Component_7': 100, 'Component_8': 700}",N/A
9.5,N/A,Fail,1000,999,1,15,985,996,True,4,"{'Component_1': 979, 'Component_2': 2, 'Component_3': 2, 'Component_4': 2}",N/A
9.5,N/A,Fail,1000,999,1,18,982,996,True,3,"{'Component_1': 400, 'Component_2': 82, 'Component_3': 500}",N/A
9.5,N/A,Pass,1000,999,1,9,991,996,True,1,{'Component_1': 991},N/A
9.5,N/A,Fail,1000,999,1,18,982,996,True,5,"{'Component_1': 100, 'Component_2': 100, 'Component_3': 82, 'Component_4': 100, 'Component_5': 600}",N/A
9.5,N/A,Fail,1000,999,1,15,985,996,True,7,"{'Component_1': 100, 'Component_2': 79, 'Component_3': 2, 'Component_4': 2, 'Component_5': 2, 'Component_6': 100, 'Component_7': 700}",N/A
9.5,N/A,Pass,1000,999,1,12,988,996,True,1,{'Component_1': 988},N/A
9.5,N/A,Pass,1000,999,1,15,985,996,True,1,{'Component_1': 985},N/A
9.5,N/A,Pass,1000,999,1,12,988,996,True,1,{'Component_1': 988},N/A
9.5,N/A,Pass,1000,999,1,12,988,996,True,1,{'Component_1': 988},N/A
9.0,N/A,Pass,1000,999,1,9,991,996,True,1,{'Component_1': 991},N/A
9.0,N/A,Pass,1000,999,1,12,988,996,True,1,{'Component_1': 988},N/A
9.0,63.147990639078216,Fail,1000,997,3,44,956,990,True,3,"{'Component_1': 92, 'Component_2': 100, 'Component_3': 764}",63.147990639078216
9.0,N/A,Fail,1000,999,1,10,990,996,True,3,"{'Component_1': 986, 'Component_2': 2, 'Component_3': 2}",N/A
9.0,N/A,Pass,1000,999,1,9,991,996,True,1,{'Component_1': 991},N/A
9.0,N/A,Pass,1000,999,1,18,982,996,True,1,{'Component_1': 982},N/A
9.0,85.79044235810886,Pass,1000,998,2,17,983,993,True,1,{'Component_1': 983},85.79044235810886
9.0,N/A,Fail,1000,999,1,15,985,996,True,4,"{'Component_1': 979, 'Component_2': 2, 'Component_3': 2, 'Component_4': 2}",N/A
9.0,87.46427842267951,Pass,1000,998,2,16,984,993,True,1,{'Component_1': 984},87.46427842267951
8.5,N/A,Pass,1000,999,1,12,988,996,True,1,{'Component_1': 988},N/A
8.5,N/A,Pass,1000,999,1,12,988,996,True,1,{'Component_1': 988},N/A
8.5,43.86076138233569,Fail,1000,996,4,40,960,987,True,6,"{'Component_1': 80, 'Component_2': 100, 'Component_3': 400, 'Component_4': 88, 'Component_5': 92, 'Component_6': 200}",43.86076138233569
8.5,114.94781424629178,Pass,1000,998,2,27,973,993,True,1,{'Component_1': 973},114.94781424629178
8.5,60.37383539249432,Fail,1000,998,2,18,982,993,True,2,"{'Component_1': 392, 'Component_2': 590}",60.37383539249432
8.5,90.12213934433647,Pass,1000,998,2,21,979,993,True,1,{'Component_1': 979},90.12213934433647
8.5,102.57680049601859,Fail,1000,998,2,25,975,993,True,4,"{'Component_1': 969, 'Component_2': 2, 'Component_3': 2, 'Component_4': 2}",102.57680049601859
8.5,100.22474744293447,Pass,1000,998,2,18,982,993,True,1,{'Component_1': 982},100.22474744293447
8.5,114.94781424629178,Pass,1000,998,2,23,977,993,True,1,{'Component_1': 977},114.94781424629178
8.0,N/A,Pass,1000,999,1,7,993,996,True,1,{'Component_1': 993},N/A
8.0,N/A,Fail,1000,999,1,12,988,996,True,3,"{'Component_1': 984, 'Component_2': 2, 'Component_3': 2}",N/A
8.0,N/A,Pass,1000,999,1,7,993,996,True,1,{'Component_1': 993},N/A
8.0,N/A,Fail,1000,999,1,12,988,996,True,3,"{'Component_1': 984, 'Component_2': 2, 'Component_3': 2}",N/A
8.0,N/A,Pass,1000,999,1,9,991,996,True,1,{'Component_1': 991},N/A
8.0,N/A,Fail,1000,999,1,11,989,996,True,2,"{'Component_1': 987, 'Component_2': 2}",N/A
8.0,N/A,Pass,1000,999,1,10,990,996,True,1,{'Component_1': 990},N/A
8.0,N/A,Fail,1000,999,1,11,989,996,True,2,"{'Component_1': 987, 'Component_2': 2}",N/A
8.0,N/A,Fail,1000,999,1,11,989,996,True,2,"{'Component_1': 987, 'Component_2': 2}",N/A
7.5,N/A,Fail,1000,999,1,12,988,996,True,3,"{'Component_1': 984, 'Component_2': 2, 'Component_3': 2}",N/A
7.5,N/A,Fail,1000,999,1,12,988,996,True,3,"{'Component_1': 984, 'Component_2': 2, 'Component_3': 2}",N/A
7.5,N/A,Pass,1000,999,1,11,989,996,True,1,{'Component_1': 989},N/A
7.5,N/A,Pass,1000,999,1,7,993,996,True,1,{'Component_1': 993},N/A
7.5,N/A,Fail,1000,999,1,12,988,996,True,3,"{'Component_1': 984, 'Component_2': 2, 'Component_3': 2}",N/A
7.5,N/A,Pass,1000,999,1,5,995,996,True,1,{'Component_1': 995},N/A
7.5,N/A,Fail,1000,999,1,12,988,996,True,3,"{'Component_1': 984, 'Component_2': 2, 'Component_3': 2}",N/A
7.5,N/A,Pass,1000,999,1,9,991,996,True,1,{'Component_1': 991},N/A
7.5,N/A,Pass,1000,999,1,7,993,996,True,1,{'Component_1': 993},N/A
7.0,N/A,Pass,1000,999,1,7,993,996,True,1,{'Component_1': 993},N/A
7.0,N/A,Pass,1000,999,1,13,987,996,True,1,{'Component_1': 987},N/A
7.0,43.72924596686144,Pass,1000,996,4,28,972,987,True,1,{'Component_1': 972},43.72924596686144
7.0,27.31984082701382,Fail,1000,992,8,67,933,975,True,11,"{'Component_1': 75, 'Component_2': 4, 'Component_3': 2, 'Component_4': 89, 'Component_5': 100, 'Component_6': 300, 'Component_7': 82, 'Component_8': 100, 'Component_9': 177, 'Component_10': 2, 'Component_11': 2}",27.31984082701382
7.0,38.3683358426977,Fail,1000,995,5,38,962,984,True,5,"{'Component_1': 281, 'Component_2': 100, 'Component_3': 577, 'Component_4': 2, 'Component_5': 2}",38.3683358426977
7.0,39.216565695876966,Pass,1000,996,4,30,970,987,True,1,{'Component_1': 970},39.216565695876966
7.0,41.1720021016032,Fail,1000,995,5,40,960,984,True,3,"{'Component_1': 189, 'Component_2': 2, 'Component_3': 769}",41.1720021016032
7.0,35.79128774285883,Fail,1000,994,6,43,957,981,True,5,"{'Component_1': 93, 'Component_2': 95, 'Component_3': 765, 'Component_4': 2, 'Component_5': 2}",35.79128774285883
7.0,44.732525535710785,Fail,1000,996,4,27,973,987,True,3,"{'Component_1': 969, 'Component_2': 2, 'Component_3': 2}",44.732525535710785
6.5,N/A,Pass,1000,999,1,11,989,996,True,1,{'Component_1': 989},N/A
6.5,N/A,Pass,1000,999,1,7,993,996,True,1,{'Component_1': 993},N/A
6.5,75.71657678474378,Fail,1000,998,2,19,981,993,True,3,"{'Component_1': 977, 'Component_2': 2, 'Component_3': 2}",75.71657678474378
6.5,N/A,Pass,1000,999,1,13,987,996,True,1,{'Component_1': 987},N/A
6.5,N/A,Pass,1000,999,1,11,989,996,True,1,{'Component_1': 989},N/A
6.5,60.69166030918105,Fail,1000,997,3,26,974,990,True,4,"{'Component_1': 968, 'Component_2': 2, 'Component_3': 2, 'Component_4': 2}",60.69166030918105
6.5,44.788711073004094,Fail,1000,996,4,34,966,987,True,3,"{'Component_1': 962, 'Component_2': 2, 'Component_3': 2}",44.788711073004094
6.5,64.42219036472551,Fail,1000,997,3,23,977,990,True,2,"{'Component_1': 975, 'Component_2': 2}",64.42219036472551
6.5,75.95393340703298,Fail,1000,998,2,18,982,993,True,2,"{'Component_1': 980, 'Component_2': 2}",75.95393340703298
6.0,N/A,Pass,1000,999,1,6,994,996,True,1,{'Component_1': 994},N/A
6.0,N/A,Pass,1000,999,1,6,994,996,True,1,{'Component_1': 994},N/A
6.0,52.0580873774887,Pass,1000,996,4,24,976,987,True,1,{'Component_1': 976},52.0580873774887
6.0,33.94571247202654,Fail,1000,992,8,60,940,975,True,4,"{'Component_1': 568, 'Component_2': 2, 'Component_3': 188, 'Component_4': 182}",33.94571247202654
6.0,35.78535458090965,Fail,1000,995,5,35,965,984,True,2,"{'Component_1': 963, 'Component_2': 2}",35.78535458090965
6.0,41.23083227705894,Pass,1000,995,5,33,967,984,True,1,{'Component_1': 967},41.23083227705894
6.0,35.43327321406523,Fail,1000,995,5,29,971,984,True,3,"{'Component_1': 967, 'Component_2': 2, 'Component_3': 2}",35.43327321406523
6.0,40.15848692090688,Fail,1000,995,5,29,971,984,True,4,"{'Component_1': 771, 'Component_2': 2, 'Component_3': 2, 'Component_4': 196}",40.15848692090688
6.0,50.077035173104846,Fail,1000,996,4,27,973,987,True,2,"{'Component_1': 194, 'Component_2': 779}",50.077035173104846
5.5,N/A,Pass,1000,999,1,5,995,996,True,1,{'Component_1': 995},N/A
5.5,N/A,Pass,1000,999,1,7,993,996,True,1,{'Component_1': 993},N/A
5.5,52.84081735709481,Fail,1000,997,3,13,987,990,True,2,"{'Component_1': 985, 'Component_2': 2}",52.84081735709481
5.5,96.46761114488116,Pass,1000,998,2,7,993,993,True,1,{'Component_1': 993},96.46761114488116
5.5,93.8083151964686,Fail,1000,998,2,10,990,993,True,4,"{'Component_1': 2, 'Component_2': 984, 'Component_3': 2, 'Component_4': 2}",93.8083151964686
5.5,88.3742043811428,Pass,1000,998,2,8,992,993,True,1,{'Component_1': 992},88.3742043811428
5.5,101.2916580968048,Pass,1000,998,2,9,991,993,True,1,{'Component_1': 991},101.2916580968048
5.5,104.38869670610895,Fail,1000,998,2,10,990,993,True,3,"{'Component_1': 986, 'Component_2': 2, 'Component_3': 2}",104.38869670610895
5.5,59.6320112359526,Pass,1000,997,3,11,989,990,True,1,{'Component_1': 989},59.6320112359526
5.0,N/A,Fail,1000,999,1,6,994,996,True,3,"{'Component_1': 990, 'Component_2': 2, 'Component_3': 2}",N/A
5.0,N/A,Pass,1000,999,1,7,993,996,True,1,{'Component_1': 993},N/A
5.0,N/A,Pass,1000,999,1,5,995,996,True,1,{'Component_1': 995},N/A
5.0,N/A,Pass,1000,999,1,5,995,996,True,1,{'Component_1': 995},N/A
5.0,N/A,Pass,1000,999,1,5,995,996,True,1,{'Component_1': 995},N/A
10.0,N/A,Fail,1000,999,1,18,982,996,True,10,"{'Component_1': 100, 'Component_2': 100, 'Component_3': 43, 'Component_4': 2, 'Component_5': 33, 'Component_6': 2, 'Component_7': 2, 'Component_8': 100, 'Component_9': 100, 'Component_10': 500}",N/A
10.0,N/A,Fail,1000,999,1,16,984,996,True,3,"{'Component_1': 100, 'Component_2': 84, 'Component_3': 800}",N/A
10.0,N/A,Pass,1000,999,1,9,991,996,True,1,{'Component_1': 991},N/A
10.0,N/A,Pass,1000,999,1,16,984,996,True,1,{'Component_1': 984},N/A
10.0,N/A,Pass,1000,999,1,13,987,996,True,1,{'Component_1': 987},N/A
10.0,N/A,Pass,1000,999,1,16,984,996,True,1,{'Component_1': 984},N/A
10.0,N/A,Pass,1000,999,1,16,984,996,True,1,{'Component_1': 984},N/A
10.0,N/A,Pass,1000,999,1,16,984,996,True,1,{'Component_1': 984},N/A
10.0,N/A,Fail,1000,999,1,19,981,996,True,5,"{'Component_1': 600, 'Component_2': 100, 'Component_3': 81, 'Component_4': 100, 'Component_5': 100}",N/A
9.5,N/A,Pass,1000,999,1,18,982,996,True,1,{'Component_1': 982},N/A
9.5,N/A,Pass,1000,999,1,15,985,996,True,1,{'Component_1': 985},N/A
